CoopLink,Age,Title,Author,Price,Picture
https://www.semcoop.com/three-girls-bronzeville-uniquely-american-memoir-race-fate-and-sisterhood,Adult,"Three Girls from Bronzeville: A Uniquely American Memoir of Race, Fate, and Sisterhood",Dawn Turner,$26.99,https://www.semcoop.com/sites/www.semcoop.com/files/imagecache/product/isbn_images/9781982107703.jpg
https://www.semcoop.com/midnight-library-0,Adult,Midnight Library,Matt Haig,$26.00,https://www.semcoop.com/sites/www.semcoop.com/files/imagecache/product/isbn_images/9780525559474.jpg
https://www.semcoop.com/bad-guys-box-set-books-1-5,Early Reader,Bad Guys Box Set: Books 1-5,Aaron Blabey,$29.95,https://www.semcoop.com/sites/www.semcoop.com/files/imagecache/product/isbn_images/9781338267228.jpg
https://www.semcoop.com/ingram-0?isbn=9781423105169,Elementary,Schooled,Gordon Korman,$6.99,https://library.herkserver.com/i/310-142-978-5169.jpg
https://www.semcoop.com/braiding-sweetgrass,Adult,Braiding Sweetgrass,Robin Wall Kimmerer,$18.00,https://www.semcoop.com/sites/www.semcoop.com/files/imagecache/product/isbn_images/9781571313560.jpg
https://www.semcoop.com/ingram-0?isbn=9780316089173,Elementary,Pi in the Sky,Wendy Mass,$8.99,https://library.herkserver.com/i/608-031-978-9173.jpg
https://www.semcoop.com/middlesex,Adult,Middlesex,Jeffrey Eugenides,$20.00,https://www.semcoop.com/sites/www.semcoop.com/files/imagecache/product/isbn_images/9780312427733.jpg
https://www.semcoop.com/baby-monkey-private-eye,Picture Book,"Baby Monkey, Private Eye",Brian Selznick,$16.99,https://www.semcoop.com/sites/www.semcoop.com/files/imagecache/product/isbn_images/9781338180619.jpg
https://www.semcoop.com/amari-and-night-brothers,Middle Grade,Amari and the Night Brothers,B B Alston,$17.99,https://www.semcoop.com/sites/www.semcoop.com/files/imagecache/product/isbn_images/9780062975164.jpg
https://www.semcoop.com/upside-down-magic,Middle Grade,Upside-Down Magic,Sarah Mlynowski,$14.99,https://www.semcoop.com/sites/www.semcoop.com/files/imagecache/product/isbn_images/9780545800457.jpg
https://www.semcoop.com/hamnet,Adult,Hamnet,Maggie O'Farrell,$26.95,https://www.semcoop.com/sites/www.semcoop.com/files/imagecache/product/isbn_images/9780525657606.jpg
https://www.semcoop.com/cold-war-correspondent-nathan-hale%C3%A2%E2%82%AC%E2%84%A2s-hazardous-tales-11,Middle Grade,Cold War Correspondent (Nathan Hale's Hazardous Tales #11),Nathan Hale,$14.99,https://www.semcoop.com/sites/www.semcoop.com/files/imagecache/product/isbn_images/9781419749513.jpg
https://www.semcoop.com/palaces-people-how-social-infrastructure-can-help-fight-inequality-polarization-and-decline-civic-li,Adult,"Palaces for the People: How Social Infrastructure Can Help Fight Inequality, Polarization, and the Decline of Civic Life",Eric Klinenberg,$28.00,https://www.semcoop.com/sites/www.semcoop.com/files/imagecache/product/isbn_images/9781524761165.jpg
https://www.semcoop.com/ingram-0?isbn=9781536208641,Early Reader,3 Adventures on Deckawoo Drive: 3 Books in 1,Kate DiCamillo,$9.99,https://library.herkserver.com/i/620-153-978-8641.jpg
https://www.semcoop.com/beautifully-foolish-endeavor,Young Adult,A Beautifully Foolish Endeavor,Hank Green,$27.00,https://www.semcoop.com/sites/www.semcoop.com/files/imagecache/product/isbn_images/9781524743475.jpg
https://www.semcoop.com/clatter-jars,Middle Grade,A Clatter of Jars,Lisa Graff,$16.99,https://www.semcoop.com/sites/www.semcoop.com/files/imagecache/product/isbn_images/9780399174995.jpg
https://www.semcoop.com/love-sugar-magic-dash-trouble,Elementary,Love Sugar Magic: A Dash of Trouble,Anna Meriano,$16.99,https://www.semcoop.com/sites/www.semcoop.com/files/imagecache/product/isbn_images/9780062498465.jpg
https://www.semcoop.com/ingram-0?isbn=9781646860623,Picture Book,Gift for Amma: Market Day in India,Meera Sriram,$8.99,https://library.herkserver.com/i/686-164-978-0623.jpg
https://www.semcoop.com/good-kind-trouble-0,Middle Grade,A Good Kind of Trouble,Lisa Moore Ramee,$7.99,https://www.semcoop.com/sites/www.semcoop.com/files/imagecache/product/isbn_images/9780062836694.jpg
https://www.semcoop.com/light-attic,Elementary,A Light in the Attic,Shel Silverstein,$19.99,https://www.semcoop.com/sites/www.semcoop.com/files/imagecache/product/isbn_images/9780060256739.jpg
https://www.semcoop.com/man-and-his-cat-1,Middle Grade,A Man and His Cat 1,Umi Sakurai,$12.99,https://www.semcoop.com/sites/www.semcoop.com/files/imagecache/product/isbn_images/9781646090266.jpg
https://www.semcoop.com/man-called-ove,Adult,Man Called Ove,Fredrik Backman,$17.00,https://www.semcoop.com/sites/www.semcoop.com/files/imagecache/product/isbn_images/9781476738024.jpg
https://www.semcoop.com/new-day,Picture Book,A New Day,Brad Meltzer,$17.99,https://www.semcoop.com/sites/www.semcoop.com/files/imagecache/product/isbn_images/9780525554240.jpg
https://www.semcoop.com/normal-pig,Picture Book,A Normal Pig,K-Fai Steele,$17.99,https://www.semcoop.com/sites/www.semcoop.com/files/imagecache/product/isbn_images/9780062748577.jpg
https://www.semcoop.com/pig-fox-and-stinky-socks-0,Early Reader,"A Pig, a Fox, and Stinky Socks",Jonathan Fenske,$4.99,https://www.semcoop.com/sites/www.semcoop.com/files/imagecache/product/isbn_images/9780593095973.jpg
https://www.semcoop.com/ingram-0?isbn=9780358116684,Middle Grade,Place at the Table,Laura Shovan,$16.99,https://library.herkserver.com/i/811-035-978-6684.jpg
https://www.semcoop.com/promised-land-2,Adult,A Promised Land,Barack Obama,$45.00,https://www.semcoop.com/sites/www.semcoop.com/files/imagecache/product/isbn_images/9781524763169.jpg
https://www.semcoop.com/ingram-0?isbn=9780763646110,Picture Book,Visitor for Bear,Bonny Becker,$7.99,https://library.herkserver.com/i/364-076-978-6110.jpg
https://www.semcoop.com/wish-dark,Middle Grade,Wish in the Dark,Christina Soontornvat,$17.99,https://www.semcoop.com/sites/www.semcoop.com/files/imagecache/product/isbn_images/9781536204940.jpg
https://www.semcoop.com/alcatraz-vs-evil-librarians,Middle Grade,Alcatraz vs. the Evil Librarians,Brandon Sanderson,$17.99,https://www.semcoop.com/sites/www.semcoop.com/files/imagecache/product/isbn_images/9780765378941.jpg
https://www.semcoop.com/alicia-alonso-takes-stage,Elementary,Alicia Alonso Takes the Stage,Rebel Girls,$12.99,https://www.semcoop.com/sites/www.semcoop.com/files/imagecache/product/isbn_images/9781733329224.jpg
https://www.semcoop.com/all-because-you-matter,Picture Book,All Because You Matter,Tami Charles,$17.99,https://www.semcoop.com/sites/www.semcoop.com/files/imagecache/product/isbn_images/9781338574852.jpg
https://www.semcoop.com/all-thirteen-incredible-cave-rescue-thai-boys-soccer-team,Middle Grade,All Thirteen: The Incredible Cave Rescue of the Thai Boys' Soccer Team,Christina Soontornvat,$24.99,https://www.semcoop.com/sites/www.semcoop.com/files/imagecache/product/isbn_images/9781536209457.jpg
https://www.semcoop.com/almost-american-girl,Middle Grade,Almost American Girl,Robin Ha,$12.99,https://www.semcoop.com/sites/www.semcoop.com/files/imagecache/product/isbn_images/9780062685094.jpg
https://www.semcoop.com/amal-unbound-0,Middle Grade,Amal Unbound,Aisha Saeed,$8.99,https://www.semcoop.com/sites/www.semcoop.com/files/imagecache/product/isbn_images/9780399544699.jpg
https://www.semcoop.com/ambrose-deception,Elementary,The Ambrose Deception,Emily Ecton,$16.99,https://www.semcoop.com/sites/www.semcoop.com/files/imagecache/product/isbn_images/9781484788387.jpg
https://www.semcoop.com/american-prison,Adult,American Prison,Shane Bauer,$18.00,https://www.semcoop.com/sites/www.semcoop.com/files/imagecache/product/isbn_images/9780735223608.jpg
https://www.semcoop.com/american-spy-1,Adult,American Spy,Lauren Wilkinson,$17.00,https://www.semcoop.com/sites/www.semcoop.com/files/imagecache/product/isbn_images/9780812988284.jpg
https://www.semcoop.com/absolutely-remarkable-thing-novel,Young Adult,An Absolutely Remarkable Thing: A Novel,Hank Green,$16.00,https://www.semcoop.com/sites/www.semcoop.com/files/imagecache/product/isbn_images/9781524743468.jpg
https://www.semcoop.com/animals-numbers-book-infographics,Early Reader,Animals by the Numbers: A Book of Infographics,Steve Jenkins,$17.99,https://www.semcoop.com/sites/www.semcoop.com/files/imagecache/product/isbn_images/9780544630925.jpg
https://www.semcoop.com/anne-green-gables-1,Middle Grade,Anne of Green Gables,L M Montgomery,$7.99,https://www.semcoop.com/sites/www.semcoop.com/files/imagecache/product/isbn_images/9781442490000.jpg
https://www.semcoop.com/anxious-people-0,Adult,Anxious People,Fredrik Backman,$17.00,https://www.semcoop.com/sites/www.semcoop.com/files/imagecache/product/isbn_images/9781501160844.jpg
https://www.semcoop.com/brave-you-0,Middle Grade,As Brave As You,Jason Reynolds,$8.99,https://www.semcoop.com/sites/www.semcoop.com/files/imagecache/product/isbn_images/9781481415910.jpg
https://www.semcoop.com/be-antiracist,Adult,Be Antiracist,Ibram X Kendi,$15.99,https://www.semcoop.com/sites/www.semcoop.com/files/imagecache/product/isbn_images/9780593233009.jpg
https://www.semcoop.com/ingram-0?isbn=9781684057771,Young Adult,"Be Gay, Do Comics",Eleri Harris,$24.99,https://library.herkserver.com/i/405-168-978-7771.jpg
https://www.semcoop.com/beaten-down-worked,Adult,"Beaten Down, Worked Up",Steven Greenhouse,$17.00,https://www.semcoop.com/sites/www.semcoop.com/files/imagecache/product/isbn_images/9781101872796.jpg
https://www.semcoop.com/beautiful-oops,Picture Book,Beautiful Oops!,Barney Salzberg,$16.95,https://www.semcoop.com/sites/www.semcoop.com/files/imagecache/product/isbn_images/9780761157281.jpg
https://www.semcoop.com/because-mr-terupt,Middle Grade,Because of Mr. Terupt,Rob Buyea,$7.99,https://www.semcoop.com/sites/www.semcoop.com/files/imagecache/product/isbn_images/9780375858246.jpg
https://www.semcoop.com/becoming-kareem-growing-and-court,Middle Grade,Becoming Kareem: Growing Up On and Off the Court,Kareem Abdul-Jabbar,$17.99,https://www.semcoop.com/sites/www.semcoop.com/files/imagecache/product/isbn_images/9780316555388.jpg
https://www.semcoop.com/becoming-muhammad-ali,Middle Grade,Becoming Muhammad Ali,James Patterson,$16.99,https://www.semcoop.com/sites/www.semcoop.com/files/imagecache/product/isbn_images/9780316498166.jpg
https://www.semcoop.com/beetle-hollowbones,Elementary,Beetle & the Hollowbones,Aliza Layne,$12.99,https://www.semcoop.com/sites/www.semcoop.com/files/imagecache/product/isbn_images/9781534441545.jpg
https://www.semcoop.com/ever-after,Middle Grade,Before the Ever After,Jacqueline Woodson,$17.99,https://www.semcoop.com/sites/www.semcoop.com/files/imagecache/product/isbn_images/9780399545436.jpg
https://www.semcoop.com/ingram-0?isbn=9780062886651,Adult,Beijing Payback,Daniel Nieh,$16.99,https://library.herkserver.com/i/288-006-978-6651.jpg
https://www.semcoop.com/bilal-cooks-daal,Picture Book,Bilal Cooks Daal,Aisha Saeed,$17.99,https://www.semcoop.com/sites/www.semcoop.com/files/imagecache/product/isbn_images/9781534418103.jpg
https://www.semcoop.com/ingram-0?isbn=9781943145522,Elementary,"Black Heroes of the Wild West: Featuring Stagecoach Mary, Bass Reeves, and Bob Lemmons: A Toon Graphic",James Otis Smith,$9.99,https://library.herkserver.com/i/314-194-978-5522.jpg
https://www.semcoop.com/breathless-2,Young Adult,Breathless,Jennifer Niven,$18.99,https://www.semcoop.com/sites/www.semcoop.com/files/imagecache/product/isbn_images/9781524701963.jpg
https://www.semcoop.com/broken-best-possible-way,Adult,Broken (in the best possible way),Jenny Lawson,$27.99,https://www.semcoop.com/sites/www.semcoop.com/files/imagecache/product/isbn_images/9781250077035.jpg
https://www.semcoop.com/ingram-0?isbn=9780316537759,Young Adult,Camp,L C Rosen,$17.99,https://library.herkserver.com/i/653-031-978-7759.jpg
https://www.semcoop.com/can-i-be-your-dog,Picture Book,Can I Be Your Dog?,Troy Cummings,$16.99,https://www.semcoop.com/sites/www.semcoop.com/files/imagecache/product/isbn_images/9780399554520.jpg
https://www.semcoop.com/ingram-0?isbn=9780807500071,Early Reader,Chester Nez and the Unbreakable Code: A Navajo Code Talker's Story,Joseph Bruchac,$16.99,https://library.herkserver.com/i/750-080-978-0071.jpg
https://www.semcoop.com/chirp,Middle Grade,Chirp,Kate Messner,$16.99,https://www.semcoop.com/sites/www.semcoop.com/files/imagecache/product/isbn_images/9781547602810.jpg
https://www.semcoop.com/city-spies-0,Middle Grade,City Spies,James Ponti,$8.99,https://www.semcoop.com/sites/www.semcoop.com/files/imagecache/product/isbn_images/9781534414921.jpg
https://www.semcoop.com/clap-when-you-land,Young Adult,Clap When You Land,Elizabeth Acevedo,$18.99,https://www.semcoop.com/sites/www.semcoop.com/files/imagecache/product/isbn_images/9780062882769.jpg
https://www.semcoop.com/click,Elementary,Click,Kayla Miller,$12.99,https://www.semcoop.com/sites/www.semcoop.com/files/imagecache/product/isbn_images/9781328911124.jpg
https://www.semcoop.com/click-clack-moo,Picture Book,"Click, Clack, Moo",Doreen Cronin,$3.99,https://www.semcoop.com/sites/www.semcoop.com/files/imagecache/product/isbn_images/9781481465403.jpg
https://www.semcoop.com/color-me,Young Adult,Color Me In,Natasha Diaz,$9.99,https://www.semcoop.com/sites/www.semcoop.com/files/imagecache/product/isbn_images/9780525578253.jpg
https://www.semcoop.com/consent-kids-boundaries-respect-and-being-charge-you,Elementary,"Consent (for Kids!): Boundaries, Respect, and Being in Charge of YOU",Rachel Brian,$15.99,https://www.semcoop.com/sites/www.semcoop.com/files/imagecache/product/isbn_images/9780316457736.jpg
https://www.semcoop.com/curiosity-story-mars-rover,Early Reader,Curiosity: The Story of a Mars Rover,Markus Motum,$22.99,https://www.semcoop.com/sites/www.semcoop.com/files/imagecache/product/isbn_images/9780763695040.jpg
https://www.semcoop.com/ingram-0?isbn=9781524765309,Picture Book,"Douglas, You're a Genius!",Ged Adamson,$17.99,https://library.herkserver.com/i/476-152-978-5309.jpg
https://www.semcoop.com/down-down-down-journey-bottom-sea,Picture Book,"Down, Down, Down: A Journey to the Bottom of the Sea",Steve Jenkins,$7.99,https://www.semcoop.com/sites/www.semcoop.com/files/imagecache/product/isbn_images/9780544709515.jpg
https://www.semcoop.com/drawn-together-0,Picture Book,Drawn Together,Minh Le,$18.99,https://www.semcoop.com/sites/www.semcoop.com/files/imagecache/product/isbn_images/9781484767603.jpg
https://www.semcoop.com/dreamers-1,Picture Book,Dreamers,Yuyi Morales,$18.99,https://www.semcoop.com/sites/www.semcoop.com/files/imagecache/product/isbn_images/9780823440559.jpg
https://www.semcoop.com/drum-roll-please,Middle Grade,"Drum Roll, Please",Lisa Jenn Bigelow,$16.99,https://www.semcoop.com/sites/www.semcoop.com/files/imagecache/product/isbn_images/9780062791146.jpg
https://www.semcoop.com/dry-1,Young Adult,Dry,Neal Shusterman,$12.99,https://www.semcoop.com/sites/www.semcoop.com/files/imagecache/product/isbn_images/9781481481977.jpg
https://www.semcoop.com/el-deafo,Elementary,El Deafo,Cece Bell,$14.99,https://www.semcoop.com/sites/www.semcoop.com/files/imagecache/product/isbn_images/9781419712173.jpg
https://www.semcoop.com/enola-holmes-and-black-barouche,Middle Grade,Enola Holmes and the Black Barouche,Nancy Springer,$17.99,https://www.semcoop.com/sites/www.semcoop.com/files/imagecache/product/isbn_images/9781250822956.jpg
https://www.semcoop.com/evelyn-del-rey-moving-away,Picture Book,Evelyn Del Rey Is Moving Away,Meg Medina,$17.99,https://www.semcoop.com/sites/www.semcoop.com/files/imagecache/product/isbn_images/9781536207040.jpg
https://www.semcoop.com/everything-inside,Adult,Everything Inside,Edwidge Danticat,$16.00,https://www.semcoop.com/sites/www.semcoop.com/files/imagecache/product/isbn_images/9780525563051.jpg
https://www.semcoop.com/exquisite-poetry-and-life-gwendolyn-brooks,Early Reader,Exquisite: The Poetry and Life of Gwendolyn Brooks,Suzanne Slade,$17.99,https://www.semcoop.com/sites/www.semcoop.com/files/imagecache/product/isbn_images/9781419734113.jpg
https://www.semcoop.com/ingram-0?isbn=9780802854902,Picture Book,Facing Fear,Karen Lynn Williams,$18.99,https://library.herkserver.com/i/285-080-978-4902.jpg
https://www.semcoop.com/finding-langston,Elementary,Finding Langston,Lesa Cline-Ransome,$16.99,https://www.semcoop.com/sites/www.semcoop.com/files/imagecache/product/isbn_images/9780823439607.jpg
https://www.semcoop.com/first-person-singular-0,Adult,First Person Singular,Haruki Murakami,$28.00,https://www.semcoop.com/sites/www.semcoop.com/files/imagecache/product/isbn_images/9780593318072.jpg
https://www.semcoop.com/ingram-0?isbn=9781250756145,Young Adult,Flamer,Mike Curato,$17.99,https://library.herkserver.com/i/075-125-978-6145.jpg
https://www.semcoop.com/flowers-gutter-true-story-edelweiss-pirates-teenagers-who-resisted-nazis,Middle Grade,"Flowers in the Gutter: The True Story of the Edelweiss Pirates, Teenagers Who Resisted the Nazis",K R Gaddy,$18.99,https://www.semcoop.com/sites/www.semcoop.com/files/imagecache/product/isbn_images/9780525555414.jpg
https://www.semcoop.com/found-0,Middle Grade,Found,Margaret Peterson Haddix,$8.99,https://www.semcoop.com/sites/www.semcoop.com/files/imagecache/product/isbn_images/9781416954217.jpg
https://www.semcoop.com/free-lunch,Middle Grade,Free Lunch,Rex Ogle,$16.95,https://www.semcoop.com/sites/www.semcoop.com/files/imagecache/product/isbn_images/9781324003601.jpg
https://www.semcoop.com/desk-zoe-washington,Middle Grade,From the Desk of Zoe Washington,Janae Marks,$16.99,https://www.semcoop.com/sites/www.semcoop.com/files/imagecache/product/isbn_images/9780062875853.jpg
https://www.semcoop.com/front-desk-scholastic-gold,Elementary,Front Desk (Scholastic Gold),Kelly Yang,$7.99,https://www.semcoop.com/sites/www.semcoop.com/files/imagecache/product/isbn_images/9781338157826.jpg
https://www.semcoop.com/good-neighbors-1,Adult,Good Neighbors,Sarah Langan,$27.00,https://i.gr-assets.com/images/S/compressed.photo.goodreads.com/books/1612104771l/54304088._SY475_.jpg
https://www.semcoop.com/graduation-groove,Picture Book,Graduation Groove,Kathryn Heling,$17.99,https://www.semcoop.com/sites/www.semcoop.com/files/imagecache/product/isbn_images/9781499810653.jpg
https://www.semcoop.com/greetings-witness-protection-0,Middle Grade,Greetings from Witness Protection!,Jake Burt,$7.99,https://www.semcoop.com/sites/www.semcoop.com/files/imagecache/product/isbn_images/9781250179043.jpg
https://www.semcoop.com/hair-love,Picture Book,Hair Love,Matthew A Cherry,$17.99,https://www.semcoop.com/sites/www.semcoop.com/files/imagecache/product/isbn_images/9780525553366.jpg
https://www.semcoop.com/ingram-0?isbn=9781946395337,Early Reader,Here Comes Lolo,Niki Daly,$7.95,https://library.herkserver.com/i/639-194-978-5337.jpg
https://www.semcoop.com/hey-kiddo,Young Adult,"Hey, Kiddo",Jarrett J Krosoczka,$14.99,https://www.semcoop.com/sites/www.semcoop.com/files/imagecache/product/isbn_images/9780545902489.jpg
https://www.semcoop.com/honeybee-busy-life-apis-mellifera,Early Reader,Honeybee: The Busy Life of Apis Mellifera,Candace Fleming,$18.99,https://www.semcoop.com/sites/www.semcoop.com/files/imagecache/product/isbn_images/9780823442850.jpg
https://www.semcoop.com/hood-feminism-notes-women-movement-forgot,Adult,Hood Feminism: Notes from the Women That a Movement Forgot,Mikki Kendall,$26.00,https://www.semcoop.com/sites/www.semcoop.com/files/imagecache/product/isbn_images/9780525560548.jpg
https://www.semcoop.com/hope-holler-0,Elementary,Hope in the Holler,Lisa Lewis Tyre,$8.99,https://www.semcoop.com/sites/www.semcoop.com/files/imagecache/product/isbn_images/9780399546327.jpg
https://www.semcoop.com/how-it-all-blew,Young Adult,How It All Blew Up,Arvin Ahmadi,$17.99,https://www.semcoop.com/sites/www.semcoop.com/files/imagecache/product/isbn_images/9780593202876.jpg
https://www.semcoop.com/how-give-your-cat-bath-five-easy-steps,Picture Book,How to Give Your Cat a Bath: In Five Easy Steps,Nicola Winstanley,$17.99,https://www.semcoop.com/sites/www.semcoop.com/files/imagecache/product/isbn_images/9780735263543.jpg
https://www.semcoop.com/how-train-your-dragon-how-fight-dragons-fury,Elementary,How to Train Your Dragon: How to Fight a Dragon's Fury,Cressida Cowell,$7.99,https://www.semcoop.com/sites/www.semcoop.com/files/imagecache/product/isbn_images/9780316365161.jpg
https://www.semcoop.com/i-am-every-good-thing,Picture Book,I Am Every Good Thing,Derrick Barnes,$17.99,https://www.semcoop.com/sites/www.semcoop.com/files/imagecache/product/isbn_images/9780525518778.jpg
https://www.semcoop.com/i-am-loved,Picture Book,I Am Loved,Nikki Giovanni,$17.99,https://www.semcoop.com/sites/www.semcoop.com/files/imagecache/product/isbn_images/9781534404922.jpg
https://www.semcoop.com/ingram-0?isbn=9781771473781,Picture Book,I Do Not Like Stories,Andrew Larsen,$17.95,https://library.herkserver.com/i/147-177-978-3781.jpg
https://www.semcoop.com/i-promise,Picture Book,I Promise,LeBron James,$19.99,https://www.semcoop.com/sites/www.semcoop.com/files/imagecache/product/isbn_images/9780062971067.jpg
https://www.semcoop.com/streets,Middle Grade,Into the Streets,Marke Bieschke,$19.99,https://www.semcoop.com/sites/www.semcoop.com/files/imagecache/product/isbn_images/9781541579040.jpg
https://www.semcoop.com/ingram-0?isbn=9781536202908,Picture Book,Jabari Jumps,Gaia Cornwall,$7.99,"https://images-na.ssl-images-amazon.com/images/I/51hiRmUDdAL._SX432_BO1,204,203,200_.jpg"
https://www.semcoop.com/jack-true-story-jack-beanstalk,Middle Grade,Jack : The True Story of Jack & the Beanstalk,Liesl Shurtliff,$7.99,https://www.semcoop.com/sites/www.semcoop.com/files/imagecache/product/isbn_images/9780385755825.jpg
https://www.semcoop.com/jd-and-great-barber-battle,Elementary,J.D. and the Great Barber Battle,J Dillard,$6.99,https://www.semcoop.com/sites/www.semcoop.com/files/imagecache/product/isbn_images/9780593111543.jpg
https://www.semcoop.com/julian-mermaid,Picture Book,Julian Is a Mermaid,Jessica Love,$16.99,https://www.semcoop.com/sites/www.semcoop.com/files/imagecache/product/isbn_images/9780763690458.jpg
https://www.semcoop.com/just-second,Picture Book,Just a Second,Steve Jenkins,$7.99,https://www.semcoop.com/sites/www.semcoop.com/files/imagecache/product/isbn_images/9781328740861.jpg
https://www.semcoop.com/king-kayla-and-case-missing-dog-treats,Early Reader,King & Kayla and the Case of the Missing Dog Treats,Dori Hillestad Butler,$14.95,https://www.semcoop.com/sites/www.semcoop.com/files/imagecache/product/isbn_images/9781561458776.jpg
https://www.semcoop.com/kindred-graphic-novel-adaptation-0,Adult,Kindred: A Graphic Novel Adaptation,Octavia E Butler,$19.99,https://www.semcoop.com/sites/www.semcoop.com/files/imagecache/product/isbn_images/9781419728556.jpg
https://www.semcoop.com/ingram-0?isbn=9781338129335,Middle Grade,King and the Dragonflies,Kacen Callender,$17.99,https://library.herkserver.com/i/812-133-978-9335.jpg
https://www.semcoop.com/zonias-rain-forest,Picture Book,Zonia's Rain Forest,Juana Martinez-Neal,$17.99,https://www.semcoop.com/sites/www.semcoop.com/files/imagecache/product/isbn_images/9781536208450.jpg
https://www.semcoop.com/ingram-0?isbn=9780593113752,Elementary,Kudo Kids: The Mystery of the Masked Medalist,Michelle Schusterman,$8.99,https://library.herkserver.com/i/311-059-978-3752.jpg
https://www.semcoop.com/ingram-0?isbn=9781338343809,Elementary,Land of the Cranes,Aida Salazar,$17.99,https://library.herkserver.com/i/834-133-978-3809.jpg
https://www.semcoop.com/ingram-0?isbn=9781984815651,Picture Book,Laxmi's Mooch,Shelly Anand,$17.99,https://library.herkserver.com/i/481-198-978-5651.jpg
https://www.semcoop.com/legacy-women-poets-harlem-renaissance,Middle Grade,Legacy: Women Poets of the Harlem Renaissance,Nikki Grimes,$18.99,https://www.semcoop.com/sites/www.semcoop.com/files/imagecache/product/isbn_images/9781681199443.jpg
https://www.semcoop.com/legendborn,Young Adult,Legendborn,Tracy Deonn,$18.99,https://www.semcoop.com/sites/www.semcoop.com/files/imagecache/product/isbn_images/9781534441606.jpg
https://www.semcoop.com/let-children-march,Picture Book,Let the Children March,Monica Clark-Robinson,$17.99,https://www.semcoop.com/sites/www.semcoop.com/files/imagecache/product/isbn_images/9780544704527.jpg
https://www.semcoop.com/lets-do-nothing-0,Picture Book,Let's Do Nothing!,Tony Fucile,$6.99,https://www.semcoop.com/sites/www.semcoop.com/files/imagecache/product/isbn_images/9780763652692.jpg
https://www.semcoop.com/lifeboat-12-reprint,Middle Grade,Lifeboat 12 (Reprint),Susan Hood,$8.99,https://www.semcoop.com/sites/www.semcoop.com/files/imagecache/product/isbn_images/9781481468848.jpg
https://www.semcoop.com/lifting-we-climb-black-womens-battle-ballot-box,Middle Grade,Lifting as We Climb: Black Women's Battle for the Ballot Box,Evette Dionne,$19.99,https://www.semcoop.com/sites/www.semcoop.com/files/imagecache/product/isbn_images/9780451481542.jpg
https://www.semcoop.com/little-penguin-gets-hiccups-board-book,Picture Book,Little Penguin Gets the Hiccups Board Book,Tadgh Bentley,$8.99,https://www.semcoop.com/sites/www.semcoop.com/files/imagecache/product/isbn_images/9780062652249.jpg
https://www.semcoop.com/ingram-0?isbn=9781509825226,Picture Book,Little Red Reading Hood,Lucy Rowland,$12.99,"https://images-na.ssl-images-amazon.com/images/I/61KpheNk02L._SX218_BO1,204,203,200_QL40_ML2_.jpg"
https://www.semcoop.com/long-way-down-3,Middle Grade,Long Way Down,Jason Reynolds,$19.99,https://www.semcoop.com/sites/www.semcoop.com/files/imagecache/product/isbn_images/9781534444959.jpg
https://www.semcoop.com/loretta-little-looks-back,Elementary,Loretta Little Looks Back,Andrea Davis Pinkney,$17.99,https://www.semcoop.com/sites/www.semcoop.com/files/imagecache/product/isbn_images/9780316536776.jpg
https://www.semcoop.com/lulu-and-duck-park,Early Reader,Lulu and the Duck in the Park,Hilary McKay,$5.99,https://www.semcoop.com/sites/www.semcoop.com/files/imagecache/product/isbn_images/9780807548097.jpg
https://www.semcoop.com/ingram-0?isbn=9780590403603,Picture Book,Magic School Bus at the Waterworks,Joanna Cole,$7.99,https://library.herkserver.com/i/040-059-978-3603.jpg
https://www.semcoop.com/magnificent-homespun-brown-celebration,Picture Book,Magnificent Homespun Brown: A Celebration,Samara Cole Doyon,$16.95,https://www.semcoop.com/sites/www.semcoop.com/files/imagecache/product/isbn_images/9780884487975.jpg
https://www.semcoop.com/mango-abuela-and-me-0,Picture Book,"Mango, Abuela, and Me",Meg Medina,$7.99,https://www.semcoop.com/sites/www.semcoop.com/files/imagecache/product/isbn_images/9780763695132.jpg
https://www.semcoop.com/max-and-midknights-battle-bodkins,Elementary,Max and the Midknights: Battle of the Bodkins,Lincoln Peirce,$13.99,https://www.semcoop.com/sites/www.semcoop.com/files/imagecache/product/isbn_images/9780593125908.jpg
https://www.semcoop.com/maya-and-rising-dark,Middle Grade,Maya and the Rising Dark,Rena Barron,$16.99,https://www.semcoop.com/sites/www.semcoop.com/files/imagecache/product/isbn_images/9781328635181.jpg
https://www.semcoop.com/me-frida-and-secret-peacock-ring-scholastic-gold,Middle Grade,"Me, Frida, and the Secret of the Peacock Ring (Scholastic Gold)",Angela Cervantes,$7.99,https://www.semcoop.com/sites/www.semcoop.com/files/imagecache/product/isbn_images/9781338159325.jpg
https://www.semcoop.com/mi-papi-tiene-una-moto,Picture Book,Mi papi tiene una moto,Isabel Quintero,$17.99,https://www.semcoop.com/sites/www.semcoop.com/files/imagecache/product/isbn_images/9780525554943.jpg
https://www.semcoop.com/ingram-0?isbn=9781534400597,Picture Book,Mommy's Khimar,Jamilah Thompkins-Bigelow,$19.99,https://library.herkserver.com/i/440-153-978-0597.jpg
https://www.semcoop.com/muslim-girls-rise-inspirational-champions-our-time,Elementary,Muslim Girls Rise: Inspirational Champions of Our Time,Saira Mir,$17.99,https://www.semcoop.com/sites/www.semcoop.com/files/imagecache/product/isbn_images/9781534418882.jpg
https://www.semcoop.com/my-book-no-pictures,Picture Book,My Book with No Pictures,B J Novak,$9.99,https://www.semcoop.com/sites/www.semcoop.com/files/imagecache/product/isbn_images/9780593111017.jpg
https://www.semcoop.com/my-grandma-and-me,Picture Book,My Grandma and Me,Mina Javaherbin,$16.99,https://www.semcoop.com/sites/www.semcoop.com/files/imagecache/product/isbn_images/9780763694944.jpg
https://www.semcoop.com/my-papi-has-motorcycle,Picture Book,My Papi Has a Motorcycle,Isabel Quintero,$17.99,https://www.semcoop.com/sites/www.semcoop.com/files/imagecache/product/isbn_images/9780525553410.jpg
https://www.semcoop.com/my-side-mountain,Middle Grade,My Side of the Mountain,Jean Craighead George,$7.99,https://www.semcoop.com/sites/www.semcoop.com/files/imagecache/product/isbn_images/9780141312422.jpg
https://www.semcoop.com/nana-akua-goes-school,Picture Book,Nana Akua Goes to School,Tricia Elam Walker,$17.99,https://www.semcoop.com/sites/www.semcoop.com/files/imagecache/product/isbn_images/9780525581130.jpg
https://www.semcoop.com/adventures-nanny-piggins,Elementary,The Adventures of Nanny Piggins,R A Spratt,$6.99,https://www.semcoop.com/sites/www.semcoop.com/files/imagecache/product/isbn_images/9780316068185.jpg
https://www.semcoop.com/new-kid,Middle Grade,New Kid,Jerry Craft,$12.99,https://www.semcoop.com/sites/www.semcoop.com/files/imagecache/product/isbn_images/9780062691194.jpg
https://www.semcoop.com/nightbooks-0,Middle Grade,Nightbooks,J A White,$6.99,https://www.semcoop.com/sites/www.semcoop.com/files/imagecache/product/isbn_images/9780062560094.jpg
https://www.semcoop.com/women-and-salt,Adult,Of Women and Salt,Gabriela Garcia,$26.99,https://www.semcoop.com/sites/www.semcoop.com/files/imagecache/product/isbn_images/9781250776686.jpg
https://www.semcoop.com/one-last-shot-0,Middle Grade,One Last Shot,John David Anderson,$7.99,https://www.semcoop.com/sites/www.semcoop.com/files/imagecache/product/isbn_images/9780062643933.jpg
https://www.semcoop.com/one-last-word-wisdom-harlem-renaissance,Picture Book,One Last Word: Wisdom from the Harlem Renaissance,Nikki Grimes,$18.99,https://www.semcoop.com/sites/www.semcoop.com/files/imagecache/product/isbn_images/9781619635548.jpg
https://www.semcoop.com/ordinary-hazards,Young Adult,Ordinary Hazards,Nikki Grimes,$19.99,https://www.semcoop.com/sites/www.semcoop.com/files/imagecache/product/isbn_images/9781629798813.jpg
https://www.semcoop.com/orphan-island-0,Middle Grade,Orphan Island,Laurel Snyder,$7.99,https://www.semcoop.com/sites/www.semcoop.com/files/imagecache/product/isbn_images/9780062443427.jpg
https://www.semcoop.com/other-words-home,Middle Grade,Other Words for Home,Jasmine Warga,$16.99,https://www.semcoop.com/sites/www.semcoop.com/files/imagecache/product/isbn_images/9780062747808.jpg
https://www.semcoop.com/otis-and-will-discover-deep,Elementary,Otis and Will Discover the Deep,Barb Rosenstock,$18.99,https://www.semcoop.com/sites/www.semcoop.com/files/imagecache/product/isbn_images/9780316393829.jpg
https://www.semcoop.com/our-friend-hedgehog,Elementary,Our Friend Hedgehog,Lauren Castillo,$16.99,https://www.semcoop.com/sites/www.semcoop.com/files/imagecache/product/isbn_images/9781524766719.jpg
https://www.semcoop.com/ingram-0?isbn=9780140565331,Picture Book,Parts,Tedd Arnold,$7.99,https://library.herkserver.com/i/056-014-978-5331.jpg
https://www.semcoop.com/pass-ball-mo,Early Reader,"Pass the Ball, Mo!",David A Adler,$4.99,https://www.semcoop.com/sites/www.semcoop.com/files/imagecache/product/isbn_images/9780425289808.jpg
https://www.semcoop.com/peck-peck-peck,Picture Book,Peck Peck Peck,Lucy Cousins,$8.99,https://www.semcoop.com/sites/www.semcoop.com/files/imagecache/product/isbn_images/9780763689469.jpg
https://www.semcoop.com/phoebe-and-her-unicorn-phoebe-and-her-unicorn-series-book-1,Elementary,Phoebe and Her Unicorn (Phoebe and Her Unicorn Series Book 1),Dana Simpson,$13.99,https://www.semcoop.com/sites/www.semcoop.com/files/imagecache/product/isbn_images/9781449483487.jpg
https://www.semcoop.com/ingram-0?isbn=9780316089173,Middle Grade,Pi in the Sky,Wendy Mass,$8.99,https://library.herkserver.com/i/608-031-978-9173.jpg
https://www.semcoop.com/piranesi,Adult,Piranesi,Susanna Clarke,$27.00,https://www.semcoop.com/sites/www.semcoop.com/files/imagecache/product/isbn_images/9781635575637.jpg
https://www.semcoop.com/pizza-size-sun,Elementary,A Pizza the Size of the Sun,Jack Prelutsky,$9.99,https://www.semcoop.com/sites/www.semcoop.com/files/imagecache/product/isbn_images/9780062239518.jpg
https://www.semcoop.com/planting-stories-life-librarian-and-storyteller-pura-belpr%C3%A3%C2%A9,Picture Book,Planting Stories: The Life of Librarian and Storyteller Pura Belpr√©,Anika Aldamuy Denise,$17.99,https://www.semcoop.com/sites/www.semcoop.com/files/imagecache/product/isbn_images/9780062748683.jpg
https://www.semcoop.com/ingram-0?isbn=9781547602322,Middle Grade,"Poisoned Water: How the Citizens of Flint, Michigan, Fought for Their Lives and Warned the Nation",Marc Aronson,$18.99,https://library.herkserver.com/i/760-154-978-2322.jpg
https://www.semcoop.com/power-forward,Elementary,Power Forward,Hena Khan,$6.99,https://www.semcoop.com/sites/www.semcoop.com/files/imagecache/product/isbn_images/9781534411999.jpg
https://www.semcoop.com/punching-air,Young Adult,Punching the Air,Ibi Zoboi,$19.99,https://www.semcoop.com/sites/www.semcoop.com/files/imagecache/product/isbn_images/9780062996480.jpg
https://www.semcoop.com/raft-stars,Young Adult,Raft of Stars,Andrew J Graff,$26.99,https://www.semcoop.com/sites/www.semcoop.com/files/imagecache/product/isbn_images/9780063031906.jpg
https://www.semcoop.com/raybearer,Young Adult,Raybearer,Jordan Ifueko,$18.99,https://www.semcoop.com/sites/www.semcoop.com/files/imagecache/product/isbn_images/9781419739828.jpg
https://www.semcoop.com/red-0,Picture Book,Red,Michael Hall,$17.99,https://www.semcoop.com/sites/www.semcoop.com/files/imagecache/product/isbn_images/9780062252074.jpg
https://www.semcoop.com/ingram-0?isbn=9781338148473,Middle Grade,Resistance,Jennifer A Nielsen,$17.99,https://library.herkserver.com/i/814-133-978-8473.jpg
https://www.semcoop.com/roller-coaster,Picture Book,Roller Coaster,Marla Frazee,$7.99,https://www.semcoop.com/sites/www.semcoop.com/files/imagecache/product/isbn_images/9780152057442.jpg
https://www.semcoop.com/ingram-0?isbn=9781773213750,Picture Book,Salma the Syrian Chef,Danny Ramadan,$18.95,https://library.herkserver.com/i/321-177-978-3750.jpg
https://www.semcoop.com/say-her-name,Young Adult,Say Her Name,Zetta Elliott,$18.99,https://www.semcoop.com/sites/www.semcoop.com/files/imagecache/product/isbn_images/9781368045247.jpg
https://www.semcoop.com/second-banana,Picture Book,Second Banana,Blair Thornburgh,$16.99,https://www.semcoop.com/sites/www.semcoop.com/files/imagecache/product/isbn_images/9781419742347.jpg
https://www.semcoop.com/see-cat-three-stories-about-dog,Early Reader,See the Cat: Three Stories About a Dog,David LaRochelle,$8.99,https://www.semcoop.com/sites/www.semcoop.com/files/imagecache/product/isbn_images/9781536204278.jpg
https://www.semcoop.com/sergeant-reckless,Early Reader,Sergeant Reckless,Patricia McCormick,$17.99,https://www.semcoop.com/sites/www.semcoop.com/files/imagecache/product/isbn_images/9780062292599.jpg
https://www.semcoop.com/ingram-0?isbn=9780375855764,Early Reader,Shampoodle,Joan Holub,$4.99,https://library.herkserver.com/i/585-037-978-5764.jpg
https://www.semcoop.com/show-me-sign,Middle Grade,Show Me a Sign,Ann Clare Lezotte,$18.99,https://www.semcoop.com/sites/www.semcoop.com/files/imagecache/product/isbn_images/9781338255812.jpg
https://www.semcoop.com/sidetracked-0,Elementary,Sidetracked,Diana Harmon Asher,$7.99,https://www.semcoop.com/sites/www.semcoop.com/files/imagecache/product/isbn_images/9781419731396.jpg
https://www.semcoop.com/sideways-stories-wayside-school-0,Elementary,Sideways Stories from Wayside School,Louis Sachar,$7.99,https://www.semcoop.com/sites/www.semcoop.com/files/imagecache/product/isbn_images/9780380698714.jpg
https://www.semcoop.com/simon-b-rhymin,Middle Grade,Simon B. Rhymin',Dwayne Reed,$16.99,https://www.semcoop.com/sites/www.semcoop.com/files/imagecache/product/isbn_images/9780316538978.jpg
https://www.semcoop.com/skunk-and-badger-skunk-and-badger-1,Middle Grade,Skunk and Badger (Skunk and Badger 1),Amy Timberlake,$18.95,https://www.semcoop.com/sites/www.semcoop.com/files/imagecache/product/isbn_images/9781643750057.jpg
https://www.semcoop.com/snapdragon,Middle Grade,Snapdragon,Kat Leyh,$12.99,https://www.semcoop.com/sites/www.semcoop.com/files/imagecache/product/isbn_images/9781250171115.jpg
https://www.semcoop.com/something-may-shock-and-discredit-you-0,Adult,Something That May Shock and Discredit You,Daniel M Lavery,$17.00,https://www.semcoop.com/sites/www.semcoop.com/files/imagecache/product/isbn_images/9781982105228.jpg
https://www.semcoop.com/southern-exposure,Adult,Southern Exposure,Lee Bey,$30.00,https://www.semcoop.com/sites/www.semcoop.com/files/imagecache/product/isbn_images/9780810140981.jpg
https://www.semcoop.com/speechless-0,Middle Grade,Speechless,Adam P Schmitt,$16.99,https://www.semcoop.com/sites/www.semcoop.com/files/imagecache/product/isbn_images/9781536200928.jpg
https://www.semcoop.com/spinning,Young Adult,Spinning,Tillie Walden,$17.99,https://www.semcoop.com/sites/www.semcoop.com/files/imagecache/product/isbn_images/9781626729407.jpg
https://www.semcoop.com/spirit-hunters,Middle Grade,Spirit Hunters,Ellen Oh,$6.99,https://www.semcoop.com/sites/www.semcoop.com/files/imagecache/product/isbn_images/9780062430090.jpg
https://www.semcoop.com/stamped-racism-antiracism-and-you,Middle Grade,"Stamped: Racism, Antiracism, and You",Jason Reynolds,$18.99,https://www.semcoop.com/sites/www.semcoop.com/files/imagecache/product/isbn_images/9780316453691.jpg
https://www.semcoop.com/starfish-1,Middle Grade,Starfish,Lisa Fipps,$17.99,https://www.semcoop.com/sites/www.semcoop.com/files/imagecache/product/isbn_images/9781984814500.jpg
https://www.semcoop.com/station-eleven,Adult,Station Eleven,Emily St John Mandel,$16.95,https://www.semcoop.com/sites/www.semcoop.com/files/imagecache/product/isbn_images/9780804172448.jpg
https://www.semcoop.com/stay-gold,Young Adult,Stay Gold,Tobly McSmith,$18.99,https://www.semcoop.com/sites/www.semcoop.com/files/imagecache/product/isbn_images/9780062943170.jpg
https://www.semcoop.com/stef-soto-taco-queen,Elementary,"Stef Soto, Taco Queen",Jennifer Torres,$6.99,https://www.semcoop.com/sites/www.semcoop.com/files/imagecache/product/isbn_images/9780316306843.jpg
https://www.semcoop.com/stormy-seas-stories-young-boat-refugees,Middle Grade,Stormy Seas: Stories of Young Boat Refugees,Mary Beth Leatherdale,$12.95,https://www.semcoop.com/sites/www.semcoop.com/files/imagecache/product/isbn_images/9781554518951.jpg
https://www.semcoop.com/strongheart-wonder-dog-silver-screen,Elementary,Strongheart : Wonder Dog of the Silver Screen,Candace Fleming,$17.99,https://www.semcoop.com/sites/www.semcoop.com/files/imagecache/product/isbn_images/9781101934104.jpg
https://www.semcoop.com/such-fun-age,Adult,Such a Fun Age,Kiley Reid,$26.00,https://www.semcoop.com/sites/www.semcoop.com/files/imagecache/product/isbn_images/9780525541905.jpg
https://www.semcoop.com/suggested-reading,Young Adult,Suggested Reading,Dave Connis,$17.99,https://www.semcoop.com/sites/www.semcoop.com/files/imagecache/product/isbn_images/9780062685254.jpg
https://www.semcoop.com/swashby-and-sea,Picture Book,Swashby and the Sea,Beth Ferry,$17.99,https://www.semcoop.com/sites/www.semcoop.com/files/imagecache/product/isbn_images/9780544707375.jpg
https://www.semcoop.com/sweep-story-girl-and-her-monster,Middle Grade,Sweep: The Story of a Girl and Her Monster,Jonathan Auxier,$18.99,https://www.semcoop.com/sites/www.semcoop.com/files/imagecache/product/isbn_images/9781419731402.jpg
https://www.semcoop.com/ten-thousand-doors-january,Young Adult,The Ten Thousand Doors of January,Alix E Harrow,$27.00,https://www.semcoop.com/sites/www.semcoop.com/files/imagecache/product/isbn_images/9780316421997.jpg
https://www.semcoop.com/thank-you-omu,Picture Book,"Thank You, Omu!",Oge Mora,$18.99,https://www.semcoop.com/sites/www.semcoop.com/files/imagecache/product/isbn_images/9780316431248.jpg
https://www.semcoop.com/anti-book-0,Elementary,The Anti-Book,Raphael Simon,$17.99,https://www.semcoop.com/sites/www.semcoop.com/files/imagecache/product/isbn_images/9780525552413.jpg
https://www.semcoop.com/black-flamingo,Young Adult,The Black Flamingo,Dean Atta,$18.99,https://www.semcoop.com/sites/www.semcoop.com/files/imagecache/product/isbn_images/9780062990297.jpg
https://www.semcoop.com/candymakers-and-great-chocolate-chase,Middle Grade,The Candymakers and the Great Chocolate Chase,Wendy Mass,$8.99,https://www.semcoop.com/sites/www.semcoop.com/files/imagecache/product/isbn_images/9780316089180.jpg
https://www.semcoop.com/deep-end-diary-wimpy-kid-book-15,Elementary,The Deep End (Diary of a Wimpy Kid Book 15),Jeff Kinney,$14.99,https://www.semcoop.com/sites/www.semcoop.com/files/imagecache/product/isbn_images/9781419748684.jpg
https://www.semcoop.com/dream-keeper-and-other-poems,Middle Grade,The Dream Keeper and Other Poems,Langston Hughes,$11.99,https://www.semcoop.com/sites/www.semcoop.com/files/imagecache/product/isbn_images/9780679883470.jpg
https://www.semcoop.com/elephant-room-0,Elementary,The Elephant in the Room,Holly Goldberg Sloan,$17.99,https://www.semcoop.com/sites/www.semcoop.com/files/imagecache/product/isbn_images/9780735229945.jpg
https://www.semcoop.com/ethan-i-was-0,Middle Grade,The Ethan I Was Before,Ali Standish,$6.99,https://www.semcoop.com/sites/www.semcoop.com/files/imagecache/product/isbn_images/9780062433398.jpg
https://www.semcoop.com/final-revival-opal-nev,Adult,The Final Revival of Opal & Nev,Dawnie Walton,$27.00,https://www.semcoop.com/sites/www.semcoop.com/files/imagecache/product/isbn_images/9781982140168.jpg
https://www.semcoop.com/friday-barnes-girl-detective,Elementary,"Friday Barnes, Girl Detective",R A Spratt,$13.99,https://www.semcoop.com/sites/www.semcoop.com/files/imagecache/product/isbn_images/9781626722972.jpg
https://www.semcoop.com/giver-0,Middle Grade,The Giver,Lois Lowry,$9.99,https://www.semcoop.com/sites/www.semcoop.com/files/imagecache/product/isbn_images/9780544336261.jpg
https://www.semcoop.com/good-egg,Picture Book,The Good Egg,Jory John,$18.99,https://www.semcoop.com/sites/www.semcoop.com/files/imagecache/product/isbn_images/9780062866004.jpg
https://www.semcoop.com/iliad-17,Early Reader,The Iliad,Gillian Cross,$19.99,https://www.semcoop.com/sites/www.semcoop.com/files/imagecache/product/isbn_images/9780763678326.jpg
https://www.semcoop.com/last-kids-earth,Elementary,The Last Kids on Earth,Max Brallier,$13.99,https://www.semcoop.com/sites/www.semcoop.com/files/imagecache/product/isbn_images/9780670016617.jpg
https://www.semcoop.com/cape-0,Middle Grade,Cape,Kate Hannigan,$8.99,https://www.semcoop.com/sites/www.semcoop.com/files/imagecache/product/isbn_images/9781534439122.jpg
https://www.semcoop.com/mask-0,Middle Grade,Mask,Kate Hannigan,$17.99,https://www.semcoop.com/sites/www.semcoop.com/files/imagecache/product/isbn_images/9781534439146.jpg
https://www.semcoop.com/legend-rock-paper-scissors,Picture Book,The Legend of Rock Paper Scissors,Drew Daywalt,$17.99,https://www.semcoop.com/sites/www.semcoop.com/files/imagecache/product/isbn_images/9780062438898.jpg
https://www.semcoop.com/ingram-0?isbn=9780593121818,Middle Grade,Lion of Mars,Jennifer L Holm,$16.99,https://library.herkserver.com/i/312-059-978-1818.jpg
https://www.semcoop.com/list-things-will-not-change,Middle Grade,List of Things That Will Not Change,Rebecca Stead,$16.99,https://www.semcoop.com/sites/www.semcoop.com/files/imagecache/product/isbn_images/9781101938096.jpg
https://www.semcoop.com/ingram-0?isbn=9781536204315,Young Adult,"Mermaid, the Witch, and the Sea",Maggie Tokuda-Hall,$18.99,https://library.herkserver.com/i/620-153-978-4315.jpg
https://www.semcoop.com/miscalculations-lightning-girl-0,Middle Grade,Miscalculations of Lightning Girl,Stacy McAnulty,$7.99,https://www.semcoop.com/sites/www.semcoop.com/files/imagecache/product/isbn_images/9781524767600.jpg
https://www.semcoop.com/moffats,Elementary,The Moffats,Eleanor Estes,$7.99,https://www.semcoop.com/sites/www.semcoop.com/files/imagecache/product/isbn_images/9780152025410.jpg
https://www.semcoop.com/mouse-and-motorcycle,Elementary,The Mouse and the Motorcycle (Mouse and the Motorcycle),Beverly Cleary,$7.99,https://www.semcoop.com/sites/www.semcoop.com/files/imagecache/product/isbn_images/9780380709243.jpg
https://www.semcoop.com/ingram-0?isbn=9781984848598,Middle Grade,Mysterious Disappearance of Aidan S. (as Told to His Brother),David Levithan,$16.99,https://library.herkserver.com/i/484-198-978-8598.jpg
https://www.semcoop.com/ingram-0?isbn=9780063035089,Adult,Night Always Comes,Willy Vlautin,$26.99,https://library.herkserver.com/i/303-006-978-5089.jpg
https://www.semcoop.com/night-diary-0,Middle Grade,The Night Diary,Veera Hiranandani,$8.99,https://www.semcoop.com/sites/www.semcoop.com/files/imagecache/product/isbn_images/9780735228528.jpg
https://www.semcoop.com/odyssey-8,Early Reader,The Odyssey,Homer,$19.99,https://www.semcoop.com/sites/www.semcoop.com/files/imagecache/product/isbn_images/9780763647919.jpg
https://www.semcoop.com/only-road-0,Middle Grade,The Only Road,Alexandra Diaz,$8.99,https://www.semcoop.com/sites/www.semcoop.com/files/imagecache/product/isbn_images/9781481457514.jpg
https://www.semcoop.com/panda-problem,Picture Book,The Panda Problem,Deborah Underwood,$17.99,https://www.semcoop.com/sites/www.semcoop.com/files/imagecache/product/isbn_images/9780735228504.jpg
https://www.semcoop.com/paper-bag-princess,Picture Book,The Paper Bag Princess,Robert Munsch,$6.95,https://www.semcoop.com/sites/www.semcoop.com/files/imagecache/product/isbn_images/9780920236161.jpg
https://www.semcoop.com/paper-boat,Picture Book,The Paper Boat,Thao Lam,$17.95,https://www.semcoop.com/sites/www.semcoop.com/files/imagecache/product/isbn_images/9781771473637.jpg
https://www.semcoop.com/parker-inheritance-0,Middle Grade,Parker Inheritance,Varian Johnson,$7.99,https://www.semcoop.com/sites/www.semcoop.com/files/imagecache/product/isbn_images/9780545952781.jpg
https://www.semcoop.com/perfect-score-0,Middle Grade,Perfect Score,Rob Buyea,$7.99,https://www.semcoop.com/sites/www.semcoop.com/files/imagecache/product/isbn_images/9781101938287.jpg
https://www.semcoop.com/perfect-secret,Middle Grade,The Perfect Secret,Rob Buyea,$7.99,https://www.semcoop.com/sites/www.semcoop.com/files/imagecache/product/isbn_images/9781524764623.jpg
https://www.semcoop.com/remarkable-journey-coyote-sunrise,Middle Grade,The Remarkable Journey of Coyote Sunrise,Dan Gemeinhart,$16.99,https://www.semcoop.com/sites/www.semcoop.com/files/imagecache/product/isbn_images/9781250196705.jpg
https://www.semcoop.com/season-styx-malone,Elementary,Season of Styx Malone,Kekla Magoon,$16.99,https://www.semcoop.com/sites/www.semcoop.com/files/imagecache/product/isbn_images/9781524715953.jpg
https://www.semcoop.com/skin-you-live,Picture Book,The Skin You Live In,Michael Tyler,$15.95,https://www.semcoop.com/sites/www.semcoop.com/files/imagecache/product/isbn_images/9780975958001.jpg
https://www.semcoop.com/smartest-kid-universe,Elementary,Smartest Kid in the Universe,Chris Grabenstein,$16.99,https://www.semcoop.com/sites/www.semcoop.com/files/imagecache/product/isbn_images/9780525647782.jpg
https://www.semcoop.com/street-beneath-my-feet,Picture Book,The Street Beneath My Feet,Charlotte Guillain,$24.95,https://www.semcoop.com/sites/www.semcoop.com/files/imagecache/product/isbn_images/9781682971369.jpg
https://www.semcoop.com/ingram-0?isbn=9781338166972,Picture Book,Sun Is Kind of a Big Deal,Nick Seluk,$17.99,https://library.herkserver.com/i/816-133-978-6972.jpg
https://www.semcoop.com/time-museum,Middle Grade,The Time Museum,Matthew Loux,$14.99,https://www.semcoop.com/sites/www.semcoop.com/files/imagecache/product/isbn_images/9781596438491.jpg
https://www.semcoop.com/true-story-3-little-pigs,Picture Book,The True Story of the 3 Little Pigs,Jon Scieszka,$7.99,https://www.semcoop.com/sites/www.semcoop.com/files/imagecache/product/isbn_images/9780140544510.jpg
https://www.semcoop.com/undefeated-0,Picture Book,Undefeated,Kwame Alexander,$17.99,https://www.semcoop.com/sites/www.semcoop.com/files/imagecache/product/isbn_images/9781328780966.jpg
https://www.semcoop.com/unsung-hero-birdsong-usa-0,Middle Grade,"The Unsung Hero of Birdsong, USA",Brenda Woods,$8.99,https://www.semcoop.com/sites/www.semcoop.com/files/imagecache/product/isbn_images/9781524737115.jpg
https://www.semcoop.com/vanishing-half,Adult,The Vanishing Half,Brit Bennett,$27.00,https://www.semcoop.com/sites/www.semcoop.com/files/imagecache/product/isbn_images/9780525536291.jpg
https://www.semcoop.com/very-impatient-caterpillar,Picture Book,The Very Impatient Caterpillar,Ross Burach,$17.99,https://www.semcoop.com/sites/www.semcoop.com/files/imagecache/product/isbn_images/9781338289411.jpg
https://www.semcoop.com/way-kings-0,Adult,The Way of Kings,Brandon Sanderson,$21.99,https://www.semcoop.com/sites/www.semcoop.com/files/imagecache/product/isbn_images/9780765376671.jpg
https://www.semcoop.com/wild-robot-0,Elementary,The Wild Robot,Peter Brown,$8.99,https://www.semcoop.com/sites/www.semcoop.com/files/imagecache/product/isbn_images/9780316382007.jpg
https://www.semcoop.com/woman-warriormemoirs-girlhood-among-ghosts,Adult,The Woman Warrior:Memoirs of a Girlhood among Ghosts,Maxine Hong Kingston,$15.95,https://www.semcoop.com/sites/www.semcoop.com/files/imagecache/product/isbn_images/9780679721888.jpg
https://www.semcoop.com/these-truths-history-united-states-0,Adult,These Truths: A History of the United States,Jill Lepore,$19.95,https://www.semcoop.com/sites/www.semcoop.com/files/imagecache/product/isbn_images/9780393357424.jpg
https://www.semcoop.com/these-violent-delights-0,Young Adult,These Violent Delights,Chloe Gong,$19.99,https://www.semcoop.com/sites/www.semcoop.com/files/imagecache/product/isbn_images/9781534457690.jpg
https://www.semcoop.com/they-call-me-g%C3%A3%C2%BCero,Elementary,They Call Me Guero,David Bowles,$12.95,https://www.semcoop.com/sites/www.semcoop.com/files/imagecache/product/isbn_images/9781947627079.jpg
https://www.semcoop.com/book-anti-racist-20-lessons-how-wake-take-action-and-do-work,Middle Grade,"This Book Is Anti-Racist: 20 lessons on how to wake up, take action, and do the work",Tiffany Jewell,$14.99,https://www.semcoop.com/sites/www.semcoop.com/files/imagecache/product/isbn_images/9780711245211.jpg
https://www.semcoop.com/ingram-0?isbn=9781616208967,Young Adult,"Tigers, Not Daughters",Samantha Mabry,$17.95,https://library.herkserver.com/i/620-161-978-8967.jpg
https://www.semcoop.com/twelve-days-may,Middle Grade,Twelve Days in May,Larry Dane Brimner,$18.95,https://www.semcoop.com/sites/www.semcoop.com/files/imagecache/product/isbn_images/9781629795867.jpg
https://www.semcoop.com/enchanter%E2%80%99s-child-book-one-twilight-hauntings,Middle Grade,"Enchanter's Child, Book One: Twilight Hauntings",Angie Sage,$16.99,https://www.semcoop.com/sites/www.semcoop.com/files/imagecache/product/isbn_images/9780062875143.jpg
https://www.semcoop.com/twins-twins-1-volume-1,Elementary,"Twins (Twins #1), Volume 1",Varian Johnson,$12.99,https://www.semcoop.com/sites/www.semcoop.com/files/imagecache/product/isbn_images/9781338236132.jpg
https://www.semcoop.com/under-my-hijab,Picture Book,Under My Hijab,Hena Khan,$18.95,https://www.semcoop.com/sites/www.semcoop.com/files/imagecache/product/isbn_images/9781620147924.jpg
https://www.semcoop.com/ingram-0?isbn=9781984850829,Elementary,Unicorn Academy #1: Sophia and Rainbow,Julie Sykes,$5.99,https://library.herkserver.com/i/485-198-978-0829.jpg
https://www.semcoop.com/unicorn-wings,Early Reader,Unicorn Wings,Mallory Loehr,$4.99,https://www.semcoop.com/sites/www.semcoop.com/files/imagecache/product/isbn_images/9780375831171.jpg
https://www.semcoop.com/ingram-0?isbn=9781419740848,Young Adult,Unscripted,Nicole Kronzer,$17.99,https://library.herkserver.com/i/974-141-978-0848.jpg
https://www.semcoop.com/untamed,Adult,Untamed,Glennon Doyle,$28.00,https://www.semcoop.com/sites/www.semcoop.com/files/imagecache/product/isbn_images/9781984801258.jpg
https://www.semcoop.com/ingram-0?isbn=9781328557049,Picture Book,¬°Vamos! Let's Go Eat,Ra√∫l the Third,$14.99,https://library.herkserver.com/i/855-132-978-7049.jpg
https://www.semcoop.com/van-gogh-deception-0,Elementary,Van Gogh Deception,Deron R Hicks,$7.99,https://www.semcoop.com/sites/www.semcoop.com/files/imagecache/product/isbn_images/9781328635174.jpg
https://www.semcoop.com/vanguard-how-black-women-broke-barriers-won-vote-and-insisted-equality-all,Adult,"Vanguard: How Black Women Broke Barriers, Won the Vote, and Insisted on Equality for All",Martha S Jones,$30.00,https://www.semcoop.com/sites/www.semcoop.com/files/imagecache/product/isbn_images/9781541618619.jpg
https://www.semcoop.com/velma-gratch-and-way-cool-butterfly,Picture Book,Velma Gratch and the Way Cool Butterfly,Alan Madison,$7.99,https://www.semcoop.com/sites/www.semcoop.com/files/imagecache/product/isbn_images/9780307978042.jpg
https://www.semcoop.com/ways-make-sunshine,Elementary,Ways to Make Sunshine,Ren√©e Watson,$16.99,https://www.semcoop.com/sites/www.semcoop.com/files/imagecache/product/isbn_images/9781547600564.jpg
https://www.semcoop.com/we-are-family,Picture Book,We Are Family,Patricia Hegarty,$16.99,https://www.semcoop.com/sites/www.semcoop.com/files/imagecache/product/isbn_images/9781680100549.jpg
https://www.semcoop.com/we-dream-space,Middle Grade,We Dream of Space,Erin Entrada Kelly,$16.99,https://www.semcoop.com/sites/www.semcoop.com/files/imagecache/product/isbn_images/9780062747303.jpg
https://www.semcoop.com/were-not-here,Middle Grade,We're Not from Here,Geoff Rodkey,$7.99,https://www.semcoop.com/sites/www.semcoop.com/files/imagecache/product/isbn_images/9781524773076.jpg
https://www.semcoop.com/wedgie-gizmo,Elementary,Wedgie & Gizmo,Suzanne Selfors,$12.99,https://www.semcoop.com/sites/www.semcoop.com/files/imagecache/product/isbn_images/9780062447630.jpg
https://www.semcoop.com/weird-little-robots,Elementary,Weird Little Robots,Carolyn Crimi,$16.99,https://www.semcoop.com/sites/www.semcoop.com/files/imagecache/product/isbn_images/9780763694937.jpg
https://www.semcoop.com/what-if-0,Picture Book,What If...,Samantha Berger,$17.99,https://www.semcoop.com/sites/www.semcoop.com/files/imagecache/product/isbn_images/9780316390965.jpg
https://www.semcoop.com/ingram-0?isbn=9780544939073,Early Reader,What Is Chasing Duck?,Jan Thomas,$9.99,https://library.herkserver.com/i/493-054-978-9073.jpg
https://www.semcoop.com/what-we-dont-talk-about-when-we-talk-about-fat,Adult,What We Don't Talk about When We Talk about Fat,Aubrey Gordon,$25.95,https://www.semcoop.com/sites/www.semcoop.com/files/imagecache/product/isbn_images/9780807041307.jpg
https://www.semcoop.com/when-stars-are-scattered,Elementary,When Stars Are Scattered,Victoria Jamieson,$12.99,https://www.semcoop.com/sites/www.semcoop.com/files/imagecache/product/isbn_images/9780525553908.jpg
https://www.semcoop.com/when-you-trap-tiger,Middle Grade,When You Trap a Tiger,Tae Keller,$16.99,https://www.semcoop.com/sites/www.semcoop.com/files/imagecache/product/isbn_images/9781524715700.jpg
https://www.semcoop.com/where-crawdads-sing,Adult,Where the Crawdads Sing,Delia Owens,$26.00,https://www.semcoop.com/sites/www.semcoop.com/files/imagecache/product/isbn_images/9780735219090.jpg
https://www.semcoop.com/where-sidewalk-endspoems-and-drawings,Elementary,Where the Sidewalk Ends:Poems and Drawings,Shel Silverstein,$18.99,https://www.semcoop.com/sites/www.semcoop.com/files/imagecache/product/isbn_images/9780060572341.jpg
https://www.semcoop.com/who-were-tuskegee-airmen,Early Reader,Who Were the Tuskegee Airmen?,Sherri L Smith,$5.99,https://www.semcoop.com/sites/www.semcoop.com/files/imagecache/product/isbn_images/9780399541940.jpg
https://www.semcoop.com/ingram-0?isbn=9780358003199,Middle Grade,Winterborne Home for Vengeance and Valor,Ally Carter,$16.99,https://library.herkserver.com/i/800-035-978-3199.jpg
https://www.semcoop.com/woke,Middle Grade,Woke,Mahogany L Browne,$18.99,https://www.semcoop.com/sites/www.semcoop.com/files/imagecache/product/isbn_images/9781250311207.jpg
https://www.semcoop.com/wonder,Middle Grade,Wonder,R J Palacio,$16.99,https://www.semcoop.com/sites/www.semcoop.com/files/imagecache/product/isbn_images/9780375869020.jpg
https://www.semcoop.com/ingram-0?isbn=9781478869542,Picture Book,Woodpecker Girl,I-Tsun Chinag,$17.95,https://library.herkserver.com/i/886-147-978-9542.jpg
https://www.semcoop.com/wreck-journal-0,Elementary,Wreck This Journal,Keri Smith,$15.00,https://www.semcoop.com/sites/www.semcoop.com/files/imagecache/product/isbn_images/9780399161940.jpg
https://www.semcoop.com/you-matter,Picture Book,You Matter,Christian Robinson,$17.99,https://www.semcoop.com/sites/www.semcoop.com/files/imagecache/product/isbn_images/9781534421691.jpg
https://www.semcoop.com/you-should-see-me-crown,Middle Grade,You Should See Me in a Crown,Leah Johnson,$17.99,https://www.semcoop.com/sites/www.semcoop.com/files/imagecache/product/isbn_images/9781338503265.jpg
https://www.semcoop.com/your-place-universe,Early Reader,Your Place in the Universe,Jason Chin,$18.99,https://www.semcoop.com/sites/www.semcoop.com/files/imagecache/product/isbn_images/9780823446230.jpg
https://www.semcoop.com/beartown-novel,Adult,Beartown: A Novel,Fredrik Backman,$17.00,https://www.semcoop.com/sites/www.semcoop.com/files/imagecache/product/isbn_images/9781501160776.jpg
https://www.semcoop.com/ingram-0?isbn=9781101938126,Middle Grade,List of Things That Will Not Change,Rebecca Stead,$7.99,https://library.herkserver.com/i/193-110-978-8126.jpg
https://www.semcoop.com/motherhood-so-white-memoir-race-gender-and-parenting-america,Adult,"Motherhood So White: A Memoir of Race, Gender, and Parenting in America",Nefertiti Austin,$25.99,https://www.semcoop.com/sites/www.semcoop.com/files/imagecache/product/isbn_images/9781492679011.jpg
https://www.semcoop.com/twenty-one-balloons-0,Middle Grade,Twenty-one Balloons,William Pene Du Bois,$7.99,https://www.semcoop.com/sites/www.semcoop.com/files/imagecache/product/isbn_images/9780142403303.jpg
https://www.semcoop.com/circus-mirandus-0,Middle Grade,Circus Mirandus,Cassie Beasley,$8.99,https://www.semcoop.com/sites/www.semcoop.com/files/imagecache/product/isbn_images/9780147515544.jpg
https://www.semcoop.com/under-my-hijab,picture book,Under My Hijab,Hena Khan,$18.95,https://www.semcoop.com/sites/www.semcoop.com/files/imagecache/product/isbn_images/9781620147924.jpg
https://www.semcoop.com/all-light-we-cannot-see,Adult,ALL THE LIGHT WE CANNOT SEE,ANTHONY DOERR,$27.00,https://www.semcoop.com/sites/www.semcoop.com/files/imagecache/product/isbn_images/9781476746586.jpg
https://www.semcoop.com/ingram-0?isbn=9781328596307,Young Adult,Booked,Kwame Alexander,$8.99,https://library.herkserver.com/i/859-132-978-6307.jpg
https://www.semcoop.com/barkskins,Adult,Barkskins,Annie Proulx,$32.00,https://www.semcoop.com/sites/www.semcoop.com/files/imagecache/product/isbn_images/9780743288781.jpg
https://www.semcoop.com/skyward-0,Young Adult,Skyward,Brandon Sanderson,$11.99,https://www.semcoop.com/sites/www.semcoop.com/files/imagecache/product/isbn_images/9780399555800.jpg
https://www.semcoop.com/ingram-0?isbn=9780553510614,Picture Book,"Dear Santa, Love, Rachel Rosenstein",Andrea Troyer,$17.99,https://library.herkserver.com/i/351-055-978-0614.jpg
https://www.semcoop.com/dragon-rider,Middle Grade,Dragon Rider,Cornelia Funke,$9.99,https://www.semcoop.com/sites/www.semcoop.com/files/imagecache/product/isbn_images/9780545316484.jpg
https://www.semcoop.com/untitled-memoir-0,Adult,Know my Name: A Memoir,Chanel Miller,$28.00,https://www.semcoop.com/sites/www.semcoop.com/files/imagecache/product/isbn_images/9780735223707.jpg
https://www.semcoop.com/hobbit-0,Middle Grade,The Hobbit,J R R Tolkien,$16.99,https://www.semcoop.com/sites/www.semcoop.com/files/imagecache/product/isbn_images/9780547928227.jpg
https://www.semcoop.com/eye-world,adult,The Eye of the World,Robert Jordan,$9.99,https://www.semcoop.com/sites/www.semcoop.com/files/imagecache/product/isbn_images/9780812511819.jpg
https://www.semcoop.com/new-day,picture book,A New Day,Brad Meltzer,$17.99,https://www.semcoop.com/sites/www.semcoop.com/files/imagecache/product/isbn_images/9780525554240.jpg
https://www.semcoop.com/penderwicksa-summer-tale-four-sisters-two-rabbits-and-very-interesting-boy,middle grade,The Penderwicks (Penderwicks),Jeanne Birdsall,$7.99,https://www.semcoop.com/sites/www.semcoop.com/files/imagecache/product/isbn_images/9780440420477.jpg
https://www.semcoop.com/dictionary-lost-words,adult,The Dictionary of Lost Words,Pip Williams,$28.00,https://www.semcoop.com/sites/www.semcoop.com/files/imagecache/product/isbn_images/9780593160190.jpg
https://www.semcoop.com/ingram-0?isbn=9780316002578,middle grade,Every Soul a Star,Wendy Mass,$8.99,https://library.herkserver.com/i/600-031-978-2578.jpg
https://www.semcoop.com/ingram-0?isbn=9781338166972,picture book,Sun Is Kind of a Big Deal,Nick Seluk,$17.99,https://library.herkserver.com/i/816-133-978-6972.jpg
https://www.semcoop.com/wild-swansthree-daughters-china,Adult,Wild Swans:Three Daughters of China,Jung Chang,$20.00,https://www.semcoop.com/sites/www.semcoop.com/files/imagecache/product/isbn_images/9780743246989.jpg
https://www.semcoop.com/loter%C3%ADa,middle grade,Loteria,Karla Arenas Valenti,$16.99,https://www.semcoop.com/sites/www.semcoop.com/files/imagecache/product/isbn_images/9780593176962.jpg
https://www.semcoop.com/magic-misfits-fourth-suit-0,middle grade,The Magic Misfits: The Fourth Suit,Neil Patrick Harris,$7.99,https://www.semcoop.com/sites/www.semcoop.com/files/imagecache/product/isbn_images/9780316391924.jpg
https://www.semcoop.com/anxious-people-0,adult,Anxious People,Fredrik Backman,$17.00,https://www.semcoop.com/sites/www.semcoop.com/files/imagecache/product/isbn_images/9781501160844.jpg
https://www.semcoop.com/planting-stories-life-librarian-and-storyteller-pura-belpr%C3%A3%C2%A9,picture book,Planting Stories: The Life of Librarian and Storyteller Pura Belpr√©,Anika Aldamuy Denise,$17.99,https://www.semcoop.com/sites/www.semcoop.com/files/imagecache/product/isbn_images/9780062748683.jpg
https://www.semcoop.com/all-boys-ive-loved-1,Young Adult,To All the Boys I've Loved Before,Jenny Han,$10.99,https://www.semcoop.com/sites/www.semcoop.com/files/imagecache/product/isbn_images/9781534438378.jpg
https://www.semcoop.com/ingram-0?isbn=9781547602285,middle grade,Stolen Science,Ella Schwartz,$21.99,https://library.herkserver.com/i/760-154-978-2285.jpg
https://www.semcoop.com/phantom-tollbooth,middle grade,The Phantom Tollbooth,Norton Juster,$8.99,https://www.semcoop.com/sites/www.semcoop.com/files/imagecache/product/isbn_images/9780394820378.jpg
https://www.semcoop.com/peter-ernesto-tale-two-sloths,adult,Peter & Ernesto: A Tale of Two Sloths,Graham Annable,$17.99,https://www.semcoop.com/sites/www.semcoop.com/files/imagecache/product/isbn_images/9781626725614.jpg
https://www.semcoop.com/inventing-ourselves-secret-life-teenage-brain-0,picture book,Inventing Ourselves: The Secret Life of the Teenage Brain,Sarah-Jayne Blakemore,$15.99,https://www.semcoop.com/sites/www.semcoop.com/files/imagecache/product/isbn_images/9781541742741.jpg
https://www.semcoop.com/your-name-song,Young Adult,Your Name Is a Song,Jamilah Thompkins-Bigelow,$16.99,https://www.semcoop.com/sites/www.semcoop.com/files/imagecache/product/isbn_images/9781943147724.jpg
https://www.semcoop.com/palaces-people-how-social-infrastructure-can-help-fight-inequality-polarization-and-decline-civic-li,adult,"Palaces for the People: How Social Infrastructure Can Help Fight Inequality, Polarization, and the Decline of Civic Life",Eric Klinenberg,$28.00,https://www.semcoop.com/sites/www.semcoop.com/files/imagecache/product/isbn_images/9781524761165.jpg
https://www.semcoop.com/ingram-0?isbn=9780593127568,elementary,Kids of Cattywampus Street,Lisa Jahn-Clough,$16.99,https://library.herkserver.com/i/312-059-978-7568.jpg
https://www.semcoop.com/fifth-risk-undoing-democracy-1,middle grade,The Fifth Risk: Undoing Democracy,Michael Lewis,$16.95,https://www.semcoop.com/sites/www.semcoop.com/files/imagecache/product/isbn_images/9780393357455.jpg
https://www.semcoop.com/chick-and-brain-smell-my-foot,early reader,Chick and Brain: Smell My Foot!,Cece Bell,$12.99,https://www.semcoop.com/sites/www.semcoop.com/files/imagecache/product/isbn_images/9780763679361.jpg
https://www.semcoop.com/when-you-trap-tiger,adult,When You Trap a Tiger,Tae Keller,$16.99,https://www.semcoop.com/sites/www.semcoop.com/files/imagecache/product/isbn_images/9781524715700.jpg
https://www.semcoop.com/black-boy-joy,elementary,Black Boy Joy,Kwame Mbalia,$16.99,https://www.semcoop.com/sites/www.semcoop.com/files/imagecache/product/isbn_images/9780593379936.jpg
https://www.semcoop.com/week-without-tuesday,adult,A Week without Tuesday,Angelica Banks,$7.99,https://www.semcoop.com/sites/www.semcoop.com/files/imagecache/product/isbn_images/9781250104229.jpg
https://www.semcoop.com/begin-again-1,early reader,Begin Again,Eddie S Glaude,$17.00,https://www.semcoop.com/sites/www.semcoop.com/files/imagecache/product/isbn_images/9780525575337.jpg
https://www.semcoop.com/king-and-dragonflies,middle grade,King and the Dragonflies,Kacen Callender,$17.99,https://www.semcoop.com/sites/www.semcoop.com/files/imagecache/product/isbn_images/9781338129335.jpg
https://www.semcoop.com/finding-winnie-true-story-worlds-most-famous-bear,picture book,Finding Winnie : The True Story of the World's Most Famous Bear,Lindsay Mattick,$18.99,https://upload.wikimedia.org/wikipedia/en/a/aa/Finding_Winnie.jpg
https://www.semcoop.com/float-1,middle grade,Float,Laura Martin,$6.99,https://www.semcoop.com/sites/www.semcoop.com/files/imagecache/product/isbn_images/9780062803788.jpg
https://www.semcoop.com/annies-adventures,adult,Annie's Adventures,Lauren Baratz-Logsted,$5.99,https://www.semcoop.com/sites/www.semcoop.com/files/imagecache/product/isbn_images/9780547053387.jpg
https://www.semcoop.com/wizards-guide-defensive-baking,middle grade,Wizard's Guide to Defensive Baking,T Kingfisher,$14.95,https://www.semcoop.com/sites/www.semcoop.com/files/imagecache/product/isbn_images/9781614505242.jpg
https://www.semcoop.com/bodies-are-cool,picture book,Bodies Are Cool,Tyler Feder,$17.99,https://www.semcoop.com/sites/www.semcoop.com/files/imagecache/product/isbn_images/9780593112625.jpg
https://www.semcoop.com/long-walk-waterbased-true-story,middle grade,A Long Walk to Water:Based on a True Story,Linda Sue Park,$8.99,https://www.semcoop.com/sites/www.semcoop.com/files/imagecache/product/isbn_images/9780547577319.jpg
https://www.semcoop.com/tea-dragon-society-0,adult,The Tea Dragon Society,Katie O'Neill,$9.99,https://www.semcoop.com/sites/www.semcoop.com/files/imagecache/product/isbn_images/9781620107379.jpg
https://www.semcoop.com/eyes-kiss-corners,middle grade,Eyes That Kiss in the Corners,Joanna Ho,$17.99,https://www.semcoop.com/sites/www.semcoop.com/files/imagecache/product/isbn_images/9780062915627.jpg